Id,Artist,Track,Album,Album_type,Uri,Danceability_x,Energy_x,Key,Loudness,Speechiness_x,Acousticness_x,Instrumentalness,Liveness_x,Valence_x,Tempo,Duration_ms,Title_x,Channel,Views,Likes,Comments,Licensed,official_video,Stream,Album Name,Release Date,ISRC,All Time Rank,Track Score,Spotify Streams,Spotify Playlist Count,Spotify Playlist Reach,Spotify Popularity,YouTube Views,YouTube Likes,TikTok Posts,TikTok Likes,TikTok Views,YouTube Playlist Reach,Apple Music Playlist Count,AirPlay Spins,SiriusXM Spins,Deezer Playlist Count,Deezer Playlist Reach,Amazon Playlist Count,Pandora Streams,Pandora Track Stations,Soundcloud Streams,Shazam Counts,TIDAL Popularity,Explicit Track,Index,Title_y,Top Genre,Year,Beats Per Minute (BPM),Energy_y,Danceability_y,Loudness (dB),Liveness_y,Valence_y,Length (Duration),Acousticness_y,Speechiness_y,Popularity
0,Gorillaz,feel good inc.,Demon Days,album,spotify:track:0d28khcov6AiegSCpG5TuT,0.818,0.705,6.0,-6.679,0.177,0.00836,0.00233,0.613,0.772,138.559,222640.0,Gorillaz - Feel Good Inc. (Official Video),Gorillaz,693555221.0,6220896.0,169907.0,True,True,1040234854.0,Demon Days,5/23/2005,GBAYE0500172,"3,548",22.8,"1,407,382,497","357,484","72,604,627",78.0,"1,211,241,854","10,819,604","337,277","152,628,012","1,396,761,942","519,221,456",18.0,"126,129",172,131.0,"1,995,709",90.0,,,,,,0,362,feel good inc.,alternative hip hop,2005,139,71,82,-7,61,77,223,1,18,80
10,Red Hot Chili Peppers,californication,Californication (Deluxe Edition),album,spotify:track:48UPSzbZjgc449aqz8bxox,0.592,0.767,9.0,-2.788,0.027,0.0021,0.00165,0.127,0.328,96.483,329733.0,Red Hot Chili Peppers - Californication (Official Music Video) [HD UPGRADE],Red Hot Chili Peppers,1018811259.0,4394471.0,121452.0,True,True,1055738398.0,Californication (Deluxe Version),6/8/1999,USWB19900690,"3,730",22.2,"1,405,353,677","276,377","115,315,508",79.0,"1,518,596,886","7,781,636","52,722","16,291,854","226,008,149","595,631,730",2.0,"49,257",79,268.0,"1,064,069",30.0,"582,410,010","217,517","9,809,319",,,0,1801,californication,alternative rock,1999,96,77,59,-3,13,33,330,0,3,81
15,Red Hot Chili Peppers,snow (hey oh),Stadium Arcadium,album,spotify:track:2aibwv5hGXSgw7Yru8IYTO,0.427,0.9,11.0,-3.674,0.0499,0.116,1.75e-05,0.119,0.599,104.655,334667.0,Red Hot Chili Peppers - Snow (Hey Oh) (Official Music Video),Red Hot Chili Peppers,320871237.0,1272266.0,37004.0,True,True,860722316.0,Stadium Arcadium (U.S. Version),5/9/2006,USWB10601591,"4,442",19.8,"1,070,374,387","203,821","38,556,891",74.0,"710,124,074","3,609,104","506,663","44,842,411","835,564,684","31,925,912",22.0,31,31,56.0,"784,912",26.0,"667,293,971","198,268","3,089,649",,,0,271,snow (hey oh),alternative rock,2006,105,90,43,-4,12,60,335,12,5,80
41,Coldplay,viva la vida,Viva La Vida or Death and All His Friends,album,spotify:track:1mea3bSkSGXuIRvnydlB5b,0.486,0.617,5.0,-7.115,0.0287,0.0954,3.23e-06,0.109,0.417,138.015,242373.0,Coldplay - Viva La Vida (Official Video),Coldplay,789581468.0,4370461.0,261790.0,True,True,1325575712.0,Meu Pai ï¿½ï¿½ do ,9/21/2005,GBAYE0800265,"2,619",27.5,"2,102,223,775","335,772","128,128,093",80.0,"1,412,127,488","8,707,376","1,619,542","244,469,571","2,264,301,241","1,233,854,544",93.0,"258,525",208,174.0,"4,371,982",94.0,,,,"54,637",,0,311,viva la vida,permanent wave,2008,138,62,49,-7,11,42,242,9,3,78
44,Coldplay,the scientist,A Rush of Blood to the Head,album,spotify:track:75JFxkI2RXiU7L9VXzMkle,0.557,0.442,5.0,-7.224,0.0243,0.731,1.46e-05,0.11,0.213,146.277,309600.0,Coldplay - The Scientist (Official 4K Video),Coldplay,1082588109.0,5532787.0,124357.0,True,True,1465980600.0,The Scientist,8/5/2002,GBAYE0200772,"4,294",20.3,"1,903,413,912","239,330","115,908,926",79.0,"1,864,046,384","10,131,009","136,190","51,824,460","481,408,577","362,415,693",55.0,"37,545",38,217.0,"1,116,370",79.0,,,"1,013,140","150,106",,0,31,the scientist,permanent wave,2002,146,44,56,-7,11,21,310,73,2,84
45,Coldplay,a sky full of stars,Ghost Stories,album,spotify:track:0FDzzruyVECATHXKHFs9eJ,0.545,0.675,6.0,-6.474,0.0279,0.00617,0.00197,0.209,0.162,124.97,267867.0,Coldplay - A Sky Full Of Stars (Official Video),Coldplay,786404613.0,3741300.0,79974.0,True,True,1021782403.0,Los Nï¿½ï¿½meros 1 De 40 (El Disco De Los ï¿½ï,1/1/2014,GBAYE1400217,"3,421",23.4,"1,490,987,063","203,270","92,755,562",81.0,"395,515,510","2,684,342","971,368","157,727,782","1,583,375,110","8,447,636",12.0,"167,558",136,308.0,"906,029",39.0,,,,,,0,563,a sky full of stars,permanent wave,2014,125,64,55,-7,22,15,268,1,3,78
46,Coldplay,paradise,Mylo Xyloto,album,spotify:track:6nek1Nin9q48AVZcWs9e9D,0.449,0.585,5.0,-6.761,0.0268,0.0509,8.75e-05,0.0833,0.212,139.631,278719.0,Coldplay - Paradise (Official Video),Coldplay,1665814269.0,8497224.0,343020.0,True,True,927288329.0,Mylo Xyloto,10/19/2011,GBAYE1101143,"2,873",26.0,"1,291,954,163","205,567","85,747,045",77.0,"325,509,002","2,163,945","755,099","119,567,231","1,016,743,063","1,022,465",109.0,"44,631",109,94.0,"850,177",32.0,"486,445,533","445,013",,"8,726,725",,0,439,paradise,permanent wave,2011,140,59,45,-7,8,20,279,5,3,78
60,Linkin Park,in the end,Hybrid Theory (Bonus Edition),album,spotify:track:60a0Rd6pjrkxjPbaKzXjfq,0.556,0.864,3.0,-5.87,0.0584,0.00958,0.0,0.209,0.4,105.143,216880.0,In The End [Official HD Music Video] - Linkin Park,Linkin Park,1487186392.0,10183387.0,409471.0,True,True,1444841705.0,Papercuts,4/12/2024,USWB11201322,72,174.8,"2,045,512,421",97,"488,602",,,,,,,,,,,,,2.0,,,,,,0,101,in the end,alternative metal,2000,105,86,56,-6,21,40,217,1,6,83
60,Linkin Park,in the end,Hybrid Theory (Bonus Edition),album,spotify:track:60a0Rd6pjrkxjPbaKzXjfq,0.556,0.864,3.0,-5.87,0.0584,0.00958,0.0,0.209,0.4,105.143,216880.0,In The End [Official HD Music Video] - Linkin Park,Linkin Park,1487186392.0,10183387.0,409471.0,True,True,1444841705.0,Hybrid Theory (Bonus Track Version),10/24/2000,USWB10002407,"1,803",34.3,"2,045,512,421","324,745","99,290,558",82.0,"2,375,021,286","17,765,456","522,553","63,993,059","729,532,806","1,256,171,581",16.0,"186,149",357,117.0,"1,481,082",52.0,"832,288,547","304,965","29,420,155","26,145",,0,101,in the end,alternative metal,2000,105,86,56,-6,21,40,217,1,6,83
61,Linkin Park,numb,Meteora,album,spotify:track:2nLtzopw4rPReszdYBJU6h,0.496,0.863,9.0,-4.153,0.0381,0.0046,0.0,0.639,0.243,110.018,185587.0,Numb [Official Music Video] - Linkin Park,Linkin Park,1928733776.0,12341722.0,550921.0,True,True,1195213410.0,Meteora,3/24/2003,USWB10300474,"2,472",28.7,"1,720,830,668","270,810","75,602,131",80.0,"2,450,982,330","15,462,896","440,206","37,487,815","490,782,499","907,757,737",5.0,"137,302",559,70.0,"907,873",52.0,,,"15,120,261",,,0,263,numb,alternative metal,2003,110,86,50,-4,64,24,186,0,4,81
113,P!nk,try,The Truth About Love,album,spotify:track:1jF7IL57ayN4Ity3jQqGu0,0.674,0.628,2.0,-7.079,0.03,0.00144,0.0,0.0944,0.552,103.998,247907.0,P!nk - Try (Official Video),PinkVEVO,534286492.0,2554163.0,78435.0,True,True,476783121.0,NRJ Hit List 2012 Vol 2,1/1/2012,USRC11200785,"3,955",21.5,"662,971,898","94,974","33,907,759",74.0,"990,716,604","4,801,576","626,315","63,289,716","689,599,858","267,410,979",57.0,"136,141",82,38.0,"415,220",30.0,"217,677,468","122,110",,"4,968",,0,488,try,dance pop,2012,104,63,67,-7,9,55,248,0,3,73
115,P!nk,what about us,Beautiful Trauma,album,spotify:track:0Qh38w01QRXK6KHIv0e3hb,0.491,0.588,1.0,-6.177,0.0506,0.0281,2.01e-06,0.0906,0.193,113.608,269600.0,P!NK - What About Us (Official Video),PinkVEVO,339837769.0,1819636.0,38357.0,True,True,662431775.0,What About Us,8/10/2017,USRC11701586,"2,765",26.7,"788,403,596","79,260","39,889,584",70.0,"508,358,793","3,107,893","38,617","22,964,606","215,488,504","97,454,332",117.0,"127,448",51,68.0,"904,824",34.0,"240,715,082","66,928",,"8,147,466",,0,687,what about us,dance pop,2017,114,59,49,-6,9,19,270,3,5,76
121,Eminem,without me,The Eminem Show,album,spotify:track:7lQ8MOhq6IN2w8EYcFNSUk,0.908,0.669,7.0,-2.827,0.0738,0.00286,0.0,0.237,0.662,112.238,290320.0,Eminem - Without Me (Official Music Video),EminemVEVO,1590485349.0,11469490.0,341006.0,True,True,1457351902.0,Suicide Squad: The Album (Collector's Edition),8/4/2016,USAT21602011,"1,696",35.5,"2,146,682,342","7,361","1,065,772",,"1,938,496,621","13,961,810",,,,"509,617,644",,,,,,,,,,,,1,10,without me,detroit hip hop,2002,112,67,91,-3,24,66,290,0,7,82
121,Eminem,without me,The Eminem Show,album,spotify:track:7lQ8MOhq6IN2w8EYcFNSUk,0.908,0.669,7.0,-2.827,0.0738,0.00286,0.0,0.237,0.662,112.238,290320.0,Eminem - Without Me (Official Music Video),EminemVEVO,1590485349.0,11469490.0,341006.0,True,True,1457351902.0,The Source - Hip Hop Hits Vol. 6,1/1/2002,USIR10211038,"3,210",24.3,"2,146,682,342","397,228","83,160,830",83.0,"347,730,526","3,552,978","761,633","27,141,268","177,890,147","22,608,265",118.0,"2,668",69,83.0,"2,953,010",38.0,"424,694,899","223,248","36,224,403","13,371,463",,1,10,without me,detroit hip hop,2002,112,67,91,-3,24,66,290,0,7,82
122,Eminem,the real slim shady,The Marshall Mathers LP,album,spotify:track:3yfqSUWxFvZELEM4PmlwIR,0.949,0.661,5.0,-4.244,0.0572,0.0302,0.0,0.0454,0.76,104.504,284200.0,Eminem - The Real Slim Shady (Official Video - Clean Version),EminemVEVO,777507160.0,6489755.0,169037.0,True,True,1232567233.0,The Source Hip-Hop Hits Vol. 4,1/1/2000,USIR10000448,"2,796",26.5,"1,798,020,679","352,947","75,283,550",81.0,"961,666,231","7,927,293","74,682","86,740,640","771,015,965","568,968,886",93.0,"70,311",82,68.0,"2,765,272",46.0,"508,575,450","1,263,577","1,131,521","6,637,985",,1,193,the real slim shady,detroit hip hop,2000,105,66,95,-4,5,76,284,3,6,80
130,Pharrell Williams,"happy - from ""despicable me 2""",G I R L,album,spotify:track:60nZcImufyMA1MKQY3dcCH,0.647,0.822,5.0,-4.662,0.183,0.219,0.0,0.0908,0.962,160.019,232720.0,Pharrell Williams - Happy (from Despicable Me 2) [Ballroom Version],PharrellWilliamsVEVO,128396799.0,718507.0,14157.0,True,True,1143833476.0,538 Hitzone Best Of 2013,1/1/2013,USQ4E1300686,476,70.4,"1,379,786,786","204,118","68,556,599",75.0,"1,307,002,701","8,641,116","3,028,049","187,452,999","2,112,220,730","1,231,886,563",453.0,"304,081",,293.0,"1,837,708",117.0,"623,561,936","2,990,195",,"19,268,856",,0,573,"happy - from ""despicable me 2""",dance pop,2014,160,82,65,-5,9,96,233,22,18,80
252,Sia,chandelier,1000 Forms Of Fear (Deluxe Version),album,spotify:track:2s1sdSqGcKxpPr5lCl7jAV,0.399,0.787,1.0,-2.88,0.0499,0.0197,6.07e-05,0.0685,0.572,117.089,216120.0,Sia - Chandelier (Official Video),SiaVEVO,2581536372.0,12476394.0,577131.0,True,True,1404231856.0,Todo Exitos 2014 (Los Nï¿½ï¿½mero 1 Del A,1/1/2014,USRC11400498,569,63.8,"1,729,264,620","171,065","77,207,881",75.0,"3,137,616,905","17,150,946","369,612","124,140,769","1,176,707,701","1,774,014,030",216.0,"244,316",257,151.0,"1,369,282",70.0,"409,374,508","528,134",,"19,192,527",,0,612,chandelier,australian dance,2015,117,79,40,-3,7,57,216,2,5,71
310,JAY-Z,ni**as in paris,Watch The Throne (Deluxe),album,spotify:track:4Li2WHPkuyCdtmokzW2007,0.789,0.858,1.0,-5.542,0.311,0.127,0.0,0.349,0.775,140.022,219333.0,Jay-Z & Kanye West - Ni**as In Paris (Explicit),KanyeWestVEVO,374189685.0,2521768.0,103200.0,True,True,1054470731.0,Watch the Throne (Deluxe),1/1/2011,USUM71111621,"2,899",25.9,"1,436,087,930","296,520","56,557,390",76.0,"444,307,904","3,150,622","37,473","21,427,059","199,117,216","16,347,538",159.0,"49,872",3,47.0,"70,698",51.0,"106,302,435","446,924",,"10,189,462",,1,466,ni**as in paris,east coast hip hop,2011,140,86,79,-6,35,77,219,13,32,77
311,JAY-Z,empire state of mind,The Blueprint 3,album,spotify:track:2igwFfvr1OAGX9SKDCPBwO,0.491,0.956,11.0,-1.538,0.392,0.0295,0.0,0.46,0.811,173.585,276920.0,JAY-Z - Empire State Of Mind ft. Alicia Keys,JayZVEVO,95231588.0,833985.0,11631.0,True,True,678424384.0,The Blueprint 3,9/8/2009,USJZ10900031,"4,231",20.5,"1,021,647,566","253,182","78,527,028",77.0,"608,425,147","4,576,133","70,684","21,707,894","179,539,671","22,687,602",139.0,"2,996",,77.0,"1,163,334",43.0,,,,"13,107,981",,1,265,empire state of mind,east coast hip hop,2009,174,96,49,-2,46,81,277,3,39,77
312,JAY-Z,numb / encore,Numb / Encore: MTV Ultimate Mash-Ups Presents Collision Course,single,spotify:track:5sNESr6pQfIhL3krM8CtZn,0.687,0.793,2.0,-4.254,0.166,0.0603,0.0,0.582,0.751,107.045,205733.0,Numb/Encore - Linkin Park ft. Jay Z (Unofficial Music Video),Neil Collins,47752493.0,219401.0,4024.0,False,False,778880225.0,Papercuts,4/12/2024,USWB12400678,30,256.0,"1,003,215,671",128,"485,454",,,,,,,,,,,,,,"179,867,721","87,209",,"4,474,248",,1,107,numb / encore,east coast hip hop,2004,107,79,69,-4,58,75,206,6,17,75
449,Mariah Carey,all i want for christmas is you,Merry Christmas,album,spotify:track:0bYg9bo50gSsH3LtXe2SQn,0.336,0.627,7.0,-7.463,0.0384,0.164,0.0,0.0708,0.35,150.273,241107.0,Mariah Carey - All I Want For Christmas Is You (Official Video),MariahCareyVEVO,753218999.0,3874002.0,249083.0,True,True,1437977604.0,Merry Christmas,1/1/1994,USSM19400325,"2,097",31.5,"1,810,649,765","109,411","45,003,974",60.0,"824,500,156","7,455,155","18,894,720","1,432,227,925","15,963,128,797","29,891,688",418.0,"131,873",139,143.0,"1,390,899",125.0,"304,497,253","3,556,791","1,273,462","6,531,412",,0,1642,all i want for christmas is you,dance pop,1994,150,63,34,-7,7,35,241,16,4,95
579,The Rolling Stones,"paint it, black",Aftermath,album,spotify:track:63T7DJ1AFDD6Bn8VzG6JE8,0.464,0.795,1.0,-9.267,0.0926,0.0493,0.00244,0.399,0.612,158.691,202267.0,"The Rolling Stones - Paint It, Black (Official Lyric Video)",ABKCOVEVO,434986145.0,3050582.0,87518.0,True,True,834723073.0,Forty Licks,7/26/2023,USA172010502,"3,911",21.6,"1,196,773,729",28,"3,079",,,,,,,,2.0,,,,,,,,,,,0,1864,"paint it, black",album rock,1966,159,80,46,-9,40,61,202,5,9,78
659,Creedence Clearwater Revival,have you ever seen the rain,Pendulum (Expanded Edition),album,spotify:track:2LawezPeJhN4AWuSB0GtAU,0.741,0.697,0.0,-7.028,0.0277,0.0664,2.28e-05,0.133,0.774,116.109,160133.0,Creedence Clearwater Revival - Have You Ever Seen The Rain (Official),CCRVEVO,299246333.0,2268246.0,33609.0,True,True,975300588.0,Chronicle: The 20 Greatest Hits (Remastered 2023 / Hi Res),6/30/2023,USC4R2334181,"4,196",20.6,,,,,,,,,,,,,,,,,,,,"11,085,255",,0,804,have you ever seen the rain,album rock,1970,116,47,74,-13,19,89,160,9,3,71
781,Madonna,frozen,Frozen,single,spotify:track:6lknMmJZALXxx7emwwZWLX,0.706,0.633,1.0,-9.584,0.0419,0.267,0.0192,0.175,0.375,110.005,120157.0,Madonna - Frozen (Official Video) [HD],Madonna,174276639.0,1245864.0,59064.0,True,True,116151341.0,Frozen,12/3/2021,USWB12105753,"1,817",34.1,"171,060,866","62,420","13,385,720",62.0,"39,445,207","832,416","1,812,874","58,132,303","954,943,543","7,699",17.0,"12,696",529,9.0,"15,158",2.0,"17,914,746","3,997",,"6,425,997",,0,368,frozen,dance pop,2009,108,74,59,-8,18,29,379,51,3,55
1147,Luis Fonsi,despacito,VIDA,album,spotify:track:6habFhsOp2NvshLv26DqMb,0.655,0.797,2.0,-4.787,0.153,0.198,0.0,0.067,0.839,177.928,229360.0,Luis Fonsi - Despacito ft. Daddy Yankee,LuisFonsiVEVO,8079649362.0,50788652.0,4252791.0,True,True,1506598267.0,Despacito (Featuring Daddy Yankee),1/13/2017,USUM71607007,50,203.5,"1,747,093,405","178,114","49,464,650",74.0,"9,537,135,721","61,799,279","799,338","78,304,409","1,143,297,071","569,548,901",179.0,"121,234",116,145.0,"1,977,014",118.0,"266,603,596","2,359,900",,"19,622,551",,0,798,despacito,latin,2019,178,80,66,-5,7,84,229,20,15,80
1549,Disturbed,the sound of silence,Immortalized (Deluxe Edition),album,spotify:track:0eZBeB2xFIS65jQHerispi,0.322,0.28,6.0,-9.367,0.0281,0.468,1.1e-06,0.102,0.175,85.794,248467.0,Disturbed  - The Sound Of Silence [Official Music Video],Disturbed,875969536.0,5225744.0,209565.0,True,True,636195740.0,The Sound of Silence (CYRIL Remix),1/1/2015,USRE11500180,"2,022",32.1,"777,947,820","135,133","20,085,121",70.0,"1,442,138,188","9,765,818","102,483","24,598,507","297,856,843","718,331,276",18.0,"53,600",38,27.0,"1,748,168",44.0,,,,,,0,605,the sound of silence,alternative metal,2015,86,28,32,-9,10,18,248,47,3,75
2007,The White Stripes,seven nation army,Elephant,album,spotify:track:3dPQuX8Gs42Y7b454ybpMR,0.743,0.446,4.0,-7.807,0.0683,0.0039,0.118,0.337,0.278,123.596,232107.0,The White Stripes - Seven Nation Army (Official Music Video),The White Stripes,531538957.0,4592162.0,152191.0,True,True,1224350356.0,Elephant,1/1/2003,USVT10300001,"4,030",21.2,"1,657,866,786","206,953","64,036,444",81.0,"339,571,990","4,052,894","263,920","137,323,740","1,394,903,550","5,268,188",275.0,"184,079",124,86.0,"972,676",110.0,"912,422,054","566,339",,"10,108,433",,0,12,seven nation army,alternative rock,2003,124,46,74,-8,26,32,232,1,8,74
2566,Coolio,gangsta's paradise,Gangsta's Paradise,album,spotify:track:1DIXPcTDzTj8ZMHt3PDt8p,0.647,0.514,8.0,-10.05,0.0593,0.0655,0.0,0.398,0.386,79.975,240693.0,Coolio - Gangsta's Paradise (feat. L.V.) [Official Music Video],Tommy Boy,1172798473.0,10144160.0,323685.0,True,True,725102.0,Gangsta's Paradise (25th Anniversary - Remastered),9/25/2020,USTB12000152,"1,945",32.7,"1,675,750,095",506,"66,189",25.0,,,,,,,97.0,,,1.0,"1,689",9.0,"539,169,583","334,159",,,,0,1674,gangsta's paradise,g funk,1995,80,51,65,-10,40,39,241,7,6,80
7988,Rammstein,deutschland,Rammstein,album,spotify:track:2bPGTMB5sFfFYQ2YvSmup0,0.521,0.895,7.0,-5.242,0.0442,5.54e-05,0.349,0.0985,0.237,120.117,322340.0,Rammstein - Deutschland (Official Video),Rammstein Official,294820856.0,3566943.0,,True,True,327410793.0,DEUTSCHLAND,3/28/2019,DEUM71900524,"4,296",20.3,"460,008,347","82,329","13,735,008",71.0,"370,078,966","3,950,188","19,061","2,409,531","46,078,194","4,657,006",43.0,"6,949",12,38.0,"255,480",23.0,"8,786,361","5,083",,"1,215,795",,0,792,deutschland,alternative metal,2019,120,90,52,-5,10,24,322,0,4,72
8009,Justin Timberlake,mirrors,The 20/20 Experience (Deluxe Version),album,spotify:track:4rHZZAmHpZrA3iH5zx8frV,0.574,0.512,5.0,-6.664,0.0503,0.234,0.0,0.0946,0.512,76.899,484147.0,Justin Timberlake - Mirrors (Official Video),justintimberlakeVEVO,1102839661.0,5181690.0,171735.0,True,True,807905112.0,Songs For The Philippines,1/1/2013,USRC11300059,"1,487",38.0,"1,047,154,254","168,622","53,352,470",74.0,"1,401,802,614","7,138,440","912,741","259,542,276","2,060,063,173","1,784,521,360",106.0,"85,485",69,74.0,"484,204",47.0,"478,391,258","378,791",,"14,564,665",,0,548,mirrors,dance pop,2013,77,51,57,-7,9,51,484,23,5,77
8657,LP,lost on you,Lost on You,album,spotify:track:2LIh4uzqq9cXMPzzmcToHl,0.433,0.724,5.0,-6.126,0.0372,0.1,0.0,0.0918,0.689,174.006,268105.0,LP – Lost On You (Official Video),Energy TV,52547966.0,309373.0,7721.0,True,True,629760955.0,Lost On You,3/24/2016,QMRSZ1501406,998,48.1,"837,042,727","127,522","22,902,207",70.0,"2,265,062,550","13,313,083","87,300","31,874,280","239,446,479","220,914,117",80.0,"80,796",,105.0,"511,599",13.0,"4,454,935","23,901",,"16,431,621",,0,726,lost on you,la pop,2017,174,72,43,-6,9,69,268,10,4,78
9556,Nirvana,smells like teen spirit,Nevermind (Remastered),album,spotify:track:5ghIJDpPoe3CfHMGu71E6T,0.502,0.912,1.0,-4.556,0.0564,2.55e-05,0.000173,0.106,0.72,116.761,301920.0,Nirvana - Smells Like Teen Spirit (Official Music Video),NirvanaVEVO,1609991619.0,11890310.0,486951.0,True,True,1520672936.0,"Pat O'Brien Pavilion, Del Mar, Ca. December 28, 1991 (Remastered) [Live West Wood One FM Radio Broadcasting]",9/16/2015,ITL771547756,"3,029",25.2,"87,429",11,"11,244",,"1,932,243,086","14,288,920",,,,"712,186,019",,,,,,,,,,,,0,1520,smells like teen spirit,alternative rock,1991,117,91,50,-5,11,72,302,0,6,74
9556,Nirvana,smells like teen spirit,Nevermind (Remastered),album,spotify:track:5ghIJDpPoe3CfHMGu71E6T,0.502,0.912,1.0,-4.556,0.0564,2.55e-05,0.000173,0.106,0.72,116.761,301920.0,Nirvana - Smells Like Teen Spirit (Official Music Video),NirvanaVEVO,1609991619.0,11890310.0,486951.0,True,True,1520672936.0,Nevermind (30th Anniversary Edition Super Deluxe),9/24/1991,USGF19942501,"4,510",19.6,"2,021,910,364","410,054","113,406,994",77.0,"348,081,676","4,710,499","264,172","95,247,745","720,283,921","837,901",287.0,"146,813",287,256.0,"3,993,523",97.0,"691,979,509","317,966","13,047,851","12,775,440",,0,1520,smells like teen spirit,alternative rock,1991,117,91,50,-5,11,72,302,0,6,74
9566,Maroon 5,memories,JORDI (Deluxe),album,spotify:track:4cktbXiXOapiLBMprHFErI,0.775,0.327,11.0,-7.241,0.0557,0.841,0.0,0.0821,0.595,91.05,189486.0,Maroon 5 - Memories (Official Video),Maroon5VEVO,901829354.0,9050321.0,265339.0,True,True,1651772677.0,Memories,9/20/2019,USUM71913350,194,109.3,"2,011,072,164","222,804","49,920,599",77.0,"1,290,292,327","11,720,744","2,377,898","155,233,360","1,458,416,059","2,403,585,054",268.0,"765,565",403,445.0,"1,033,541",50.0,"403,824,864","253,642",,"14,241,952",,0,788,memories,pop,2019,91,32,76,-7,8,57,189,84,5,98
9786,Jason Mraz,i'm yours,We Sing. We Dance. We Steal Things.,album,spotify:track:1EzrEOXmMH3G43AXT1y7pA,0.703,0.444,11.0,-9.331,0.0417,0.559,0.0,0.0973,0.712,150.96,242947.0,Jason Mraz - I'm Yours (Official Video) [4K],Jason Mraz,709138850.0,4145040.0,129068.0,True,True,1511693506.0,DDB Hitzone Best Of 2008,1/1/2008,USEE10800667,"2,136",31.1,"1,878,098,512","241,725","103,480,270",72.0,"359,866,287","1,614,148","117,533","21,898,820","175,364,993","1,243,907",230.0,"1,643",257,404.0,"1,238,731",84.0,"1,463,624,043","938,632",,"12,571,538",,0,335,i'm yours,acoustic pop,2008,151,46,69,-8,11,72,242,60,5,82
9788,Jason Mraz,i won't give up,Love Is a Four Letter Word (Deluxe Edition),album,spotify:track:53QF56cjZA9RTuuMZDrSA6,0.483,0.303,4.0,-10.058,0.0429,0.694,0.0,0.115,0.139,133.406,240166.0,Jason Mraz - I Won't Give Up (Official Video) [4K],Jason Mraz,175138983.0,1146482.0,34127.0,True,True,736204200.0,Chï¿½ï¿½rie Summer ,1/1/2012,USEE11100768,"3,925",21.5,"850,863,163","91,617","43,046,356",62.0,"21,096,118","126,444","59,874","7,909,056","77,268,402","10,950",70.0,147,27,29.0,"76,256",10.0,"983,589,132","665,589",,"7,898,160",,0,507,i won't give up,acoustic pop,2012,137,30,59,-10,12,14,240,69,4,72
10616,John Legend,all of me,Love In The Future (Expanded Edition),album,spotify:track:3U4isOIWM3VvDubwSI3y7a,0.422,0.264,8.0,-7.064,0.0322,0.922,0.0,0.132,0.331,119.93,269560.0,John Legend - All of Me (Official Video),johnlegendVEVO,2242022292.0,12415009.0,246537.0,True,True,1944651744.0,Love In The Future (South Africa Tour Edition),1/1/2012,USSM11303954,487,69.8,"2,382,407,025","259,202","144,805,002",80.0,"3,064,193,777","17,820,289","536,497","59,268,693","643,209,321","1,769,031,393",295.0,"225,220",341,229.0,"2,030,488",107.0,"1,043,817,740","1,278,265",,"28,058,207",,0,530,all of me,neo mellow,2013,120,26,42,-7,13,33,270,92,3,86
10626,The Killers,mr. brightside,Hot Fuss,album,spotify:track:003vvx7Niy0yvhvHt4a68B,0.352,0.911,1.0,-5.23,0.0747,0.00121,0.0,0.0995,0.236,148.033,222973.0,The Killers - Mr. Brightside (Official Music Video),TheKillersVEVO,507699787.0,2622357.0,93588.0,True,True,1646743223.0,Hot Fuss,1/1/2004,USIR20400274,"3,346",23.7,"2,174,022,106","326,294","118,562,432",81.0,"183,968,852","1,687,112","95,566","41,707,356","294,739,225","3,411,865",293.0,"210,197",217,117.0,"1,001,045",51.0,"782,100,080","350,688",,"8,538,303",,0,9,mr. brightside,modern rock,2004,148,92,36,-4,10,23,223,0,8,77
10687,Mark Ronson,nothing breaks like a heart (feat. miley cyrus),Late Night Feelings,album,spotify:track:02dRkCEc8Q5ch4TTcnLxOn,0.601,0.794,7.0,-5.844,0.0671,0.00987,1.36e-06,0.418,0.244,114.066,217099.0,Mark Ronson - Nothing Breaks Like a Heart (Official Video) ft. Miley Cyrus,MarkRonsonVEVO,322682773.0,3798727.0,94493.0,True,True,713211866.0,Nothing Breaks Like a Heart (feat. Miley Cyrus),11/30/2018,GBARL1801571,"1,852",33.7,"942,092,206","129,847","59,476,416",68.0,"561,103,775","5,753,715","247,441","154,388,347","1,462,282,216","1,257,603,748",106.0,"19,349",17,89.0,"1,222,203",32.0,"33,775,179","23,653",,"11,510,830",,0,776,nothing breaks like a heart (feat. miley cyrus),dance pop,2018,114,79,60,-6,39,24,217,1,7,79
10752,Kings of Leon,sex on fire,Only By The Night,album,spotify:track:0ntQJM78wzOLVeCUAW7Y45,0.542,0.905,9.0,-5.653,0.054,0.00172,0.0104,0.136,0.374,153.398,203347.0,Kings Of Leon - Sex on Fire (Official Video),kingsofleonVEVO,467784552.0,1966436.0,38342.0,True,True,1044029601.0,Balance Le Son,1/1/2008,USRC10800300,"3,116",24.7,"1,427,050,913","265,075","101,832,484",79.0,"683,904,891","3,402,940","125,835","54,378,617","391,021,166","479,321,742",205.0,"199,456",144,161.0,"1,107,380",74.0,"160,714,276","421,796",,"8,199,199",,0,354,sex on fire,modern rock,2008,153,91,54,-6,14,37,203,0,5,79
10851,Evanescence,bring me to life,Fallen,album,spotify:track:0COqiPhxzoWICwFCS4eZcp,0.331,0.943,4.0,-3.188,0.0698,0.00721,2.06e-06,0.242,0.296,94.612,235893.0,Evanescence - Bring Me To Life (Official Music Video),EvanescenceVEVO,1138778389.0,8394523.0,269265.0,True,True,749278645.0,Fallen,1/1/2003,USWU30200093,"3,963",21.4,"1,129,346,989","229,491","68,545,536",79.0,"1,380,253,721","9,926,891","511,462","98,118,550","906,228,976","720,637,057",91.0,"230,782",277,70.0,"765,734",43.0,,,,"12,505,209",,0,391,bring me to life,alternative metal,2003,95,94,33,-3,24,30,236,1,7,78
11011,Gotye,somebody that i used to know,Making Mirrors,album,spotify:track:4wCmqSrbyCgxEXROQE6vtV,0.864,0.495,0.0,-7.036,0.037,0.591,0.000133,0.0992,0.72,129.062,244973.0,Gotye - Somebody That I Used To Know (feat. Kimbra) [Official Music Video],gotyemusic,2057215604.0,14580661.0,792986.0,True,True,1318267448.0,Making Mirrors (Deluxe),1/1/2011,AUZS21100040,471,71.0,"1,752,826,514","352,833","87,651,528",74.0,"2,729,174,469","22,532,779","312,945","551,329,120","4,679,645,090","490,308,209",202.0,"301,048",474,115.0,"967,797",71.0,"878,651,542","1,581,901","15,266,983","37,339,828",,0,438,somebody that i used to know,australian pop,2011,129,50,86,-7,10,72,245,59,4,76
11420,Guns N' Roses,sweet child o' mine,Appetite For Destruction,album,spotify:track:7snQQk1zcKl8gZ92AnueZW,0.446,0.952,6.0,-5.321,0.0523,0.0901,0.0857,0.112,0.624,125.303,356067.0,Guns N' Roses - Sweet Child O' Mine (Official Music Video),GunsNRosesVEVO,1479702797.0,7392749.0,231100.0,True,True,1397611294.0,Appetite For Destruction,7/21/1987,USGF18714809,"3,931",21.5,"1,879,386,440","295,491","96,032,046",80.0,"2,007,460,784","11,222,080","623,935","57,957,597","673,282,408","743,526,260",212.0,"145,671",416,215.0,"3,290,536",107.0,"885,046,947","444,606",,"10,345,515",,1,1388,sweet child o' mine,glam metal,1987,125,95,45,-5,11,62,356,9,5,73
11969,Arctic Monkeys,do i wanna know?,AM,album,spotify:track:5FVd6KXrgO9B3JPmC8OPst,0.548,0.532,5.0,-7.596,0.0323,0.186,0.000263,0.217,0.405,85.03,272394.0,Arctic Monkeys - Do I Wanna Know? (Official Video),Official Arctic Monkeys,1449470227.0,8739290.0,161768.0,True,True,1589532270.0,AM,1/1/2013,GBCEL1300362,"1,837",33.9,"2,188,592,950","361,827","91,030,520",81.0,"457,550,865","4,610,448","13,917","12,237,124","71,629,637","56,377",149.0,"2,204",71,103.0,"706,652",34.0,"308,026,596","156,277",,"10,708,249",,0,525,do i wanna know?,garage rock,2013,85,53,55,-8,22,41,272,19,3,82
11969,Arctic Monkeys,do i wanna know?,AM,album,spotify:track:5FVd6KXrgO9B3JPmC8OPst,0.548,0.532,5.0,-7.596,0.0323,0.186,0.000263,0.217,0.405,85.03,272394.0,Arctic Monkeys - Do I Wanna Know? (Official Video),Official Arctic Monkeys,1449470227.0,8739290.0,161768.0,True,True,1589532270.0,Do I Wanna Know?,1/1/2013,GBCEL1300332,"3,432",23.3,"2,188,592,950","11,669","2,167,817",46.0,"1,719,916,219","10,641,718",,,,"276,011,994",7.0,"86,851",,11.0,"5,205",9.0,,,,,,0,525,do i wanna know?,garage rock,2013,85,53,55,-8,22,41,272,19,3,82
12029,Panic! At The Disco,high hopes,Pray for the Wicked,album,spotify:track:1rqqCSm0Qe4I9rUvWncaom,0.579,0.904,5.0,-2.729,0.0618,0.193,0.0,0.064,0.681,82.014,190947.0,Panic! At The Disco - High Hopes (Official Video),Panic! At The Disco,713176007.0,6438254.0,220320.0,True,True,1336763515.0,High Hopes On Saturday Night,5/23/2018,USAT21801174,678,58.7,"1,602,076,880","207,598","99,517,459",75.0,"284,427,491","2,509,207","1,056,148","78,133,371","790,904,602","92,998,956",20.0,"671,056",550,98.0,"987,939",120.0,"324,085,596","488,258",,,,0,746,high hopes,baroque pop,2018,82,90,58,-3,6,68,191,19,6,87
12449,Ed Sheeran,perfect,÷ (Deluxe),album,spotify:track:0tgVpDi06FyKpA1z0VMD4v,0.599,0.448,8.0,-6.312,0.0232,0.163,0.0,0.106,0.168,95.05,263400.0,Ed Sheeran - Perfect (Official Music Video),Ed Sheeran,3361086287.0,19033010.0,486143.0,True,True,2312689776.0,ýý (Deluxe),3/3/2017,GBAHS1700024,81,167.5,"2,969,999,682","280,165","116,921,604",81.0,"6,473,698,897","39,632,673","6,642,975","601,244,764","7,647,479,866","1,708,317,539",208.0,"263,386",129,343.0,"1,242,581",102.0,"617,483,078","595,052",,,,0,684,perfect,pop,2017,95,45,60,-6,11,17,263,16,2,87
12452,Ed Sheeran,shape of you,÷ (Deluxe),album,spotify:track:7qiZfU4dY1lWllzX7mPBI3,0.825,0.652,1.0,-3.183,0.0802,0.581,0.0,0.0931,0.931,95.977,233713.0,Ed Sheeran - Shape of You (Official Music Video),Ed Sheeran,5908398479.0,31047780.0,1130327.0,True,True,3362005201.0,Shape of You,1/6/2017,GBAHS1600463,54,195.1,"3,909,458,734","316,378","148,037,882",80.0,"8,013,997,219","45,770,887","2,270,315","194,420,058","2,320,856,331","2,294,804,623",465.0,"402,829",282,512.0,"2,710,931",115.0,"733,565,655","651,557","78,149,375","1,146,246",,0,688,shape of you,pop,2017,96,65,83,-3,9,93,234,58,8,87
12453,Ed Sheeran,photograph,x (Wembley Edition),album,spotify:track:6fxVffaTuwjgEk5h9QyRjy,0.614,0.379,4.0,-10.48,0.0476,0.607,0.000464,0.0986,0.201,107.989,258987.0,Ed Sheeran - Photograph (Official Music Video),Ed Sheeran,1265617910.0,6645829.0,170389.0,True,True,2067689483.0,x (Wembley Edition),1/1/2013,GBAHS1400094,980,48.8,"2,525,355,904","208,671","121,163,411",77.0,"1,884,843,329","9,916,244","1,459,274","502,385,405","4,406,781,129","1,706,776,803",249.0,"89,818",80,234.0,"603,824",54.0,"450,907,868","190,210","35,594,470","17,163,765",,0,578,photograph,pop,2014,108,38,61,-10,10,20,259,61,5,84
12455,Ed Sheeran,thinking out loud,x (Wembley Edition),album,spotify:track:1Slwb6dOYkBlWal1PGtnNg,0.781,0.445,2.0,-6.061,0.0295,0.474,0.0,0.184,0.591,78.998,281560.0,Ed Sheeran - Thinking Out Loud (Official Music Video),Ed Sheeran,3547155867.0,14343730.0,362545.0,True,True,2154334378.0,Piano Moods: 50 Songs,3/28/2017,ITD541500554,693,58.0,"473,328",17,"2,117",7.0,"3,777,105,479","15,214,286",,,,"694,599,255",,,,,,,,,,,,0,566,thinking out loud,pop,2014,79,45,78,-6,18,59,282,47,3,84
12455,Ed Sheeran,thinking out loud,x (Wembley Edition),album,spotify:track:1Slwb6dOYkBlWal1PGtnNg,0.781,0.445,2.0,-6.061,0.0295,0.474,0.0,0.184,0.591,78.998,281560.0,Ed Sheeran - Thinking Out Loud (Official Music Video),Ed Sheeran,3547155867.0,14343730.0,362545.0,True,True,2154334378.0,Full Circle: The Live Anthology,11/20/2011,GBAHS1400099,"3,253",24.1,"2,502,925,593","212,574","119,020,197",76.0,"430,771,444","3,399,564","168,386","63,593,438","548,933,681","25,654,740",360.0,"197,343",100,346.0,"1,160,637",80.0,,,,"26,904,347",,0,566,thinking out loud,pop,2014,79,45,78,-6,18,59,282,47,3,84
12458,Ed Sheeran,happier,÷ (Deluxe),album,spotify:track:2RttW7RAu5nOAfq6YFvApB,0.522,0.385,0.0,-7.355,0.0288,0.536,0.0,0.135,0.236,89.792,207520.0,Ed Sheeran - Happier (Official Music Video),Ed Sheeran,397154250.0,3012544.0,92841.0,True,True,1160906130.0,ýý (Deluxe),3/3/2017,GBAHS1700028,"2,287",29.9,"1,322,385,342","109,373","54,954,226",70.0,"696,425,510","4,649,149","1,289,662","34,964,865","223,959,183","137,582,931",37.0,"36,265",6,29.0,"310,000",27.0,"170,123,227","113,215",,,,0,709,happier,pop,2017,90,39,52,-7,14,24,208,54,3,83
12479,Calvin Harris,one kiss (with dua lipa),One Kiss (with Dua Lipa),single,spotify:track:7ef4DlsgrMEH11cDZd32M6,0.791,0.862,9.0,-3.24,0.11,0.037,2.19e-05,0.0814,0.592,123.994,214847.0,"Calvin Harris, Dua Lipa - One Kiss (Official Video)",CalvinHarrisVEVO,864856288.0,5305116.0,101347.0,True,True,1719434482.0,Dua Lipa (Complete Edition),1/1/2015,GBARL1800368,"1,024",47.5,"2,178,606,166","291,456","162,511,602",79.0,"1,256,080,361","8,723,122","1,932,873","174,361,744","1,597,020,461","706,333,060",458.0,"160,995",376,548.0,"3,408,335",103.0,"141,238,520","81,291",,"15,829,169",,0,775,one kiss (with dua lipa),dance pop,2018,124,86,79,-3,8,59,215,4,11,86
12649,Passenger,let her go,All The Little Lights,album,spotify:track:1KxwZYyzWNyZSRyErj2ojT,0.479,0.545,7.0,-7.346,0.0688,0.365,0.0,0.0963,0.243,74.897,252733.0,Passenger | Let Her Go (Official Video),Passenger,3376086171.0,15361684.0,452077.0,True,True,1785368454.0,Let Her Go,7/27/2012,GBMQN1200012,484,70.1,"2,252,713,547","84,884","25,149,126",69.0,"3,967,431,755","18,261,574",822,"19,565,297","198,665,893","1,802,593,895",153.0,"128,380",,12.0,"16,047",14.0,"992,473,803","965,474","57,076,563",,,0,534,let her go,folk-pop,2013,75,55,48,-7,10,24,253,37,7,76
12649,Passenger,let her go,All The Little Lights,album,spotify:track:1KxwZYyzWNyZSRyErj2ojT,0.479,0.545,7.0,-7.346,0.0688,0.365,0.0,0.0963,0.243,74.897,252733.0,Passenger | Let Her Go (Official Video),Passenger,3376086171.0,15361684.0,452077.0,True,True,1785368454.0,All The Little Lights,1/1/2012,GBMQN1100004,"3,534",22.9,"2,252,713,547","205,647","46,729,104",73.0,"423,531,195","4,118,839","244,760","66,168,928","641,996,440","78,846,239",192.0,"1,578",288,103.0,"865,488",13.0,,,,"33,584,600",,0,534,let her go,folk-pop,2013,75,55,48,-7,10,24,253,37,7,76
13040,OneRepublic,counting stars,Native,album,spotify:track:6sy3LkhNFjJWlaeSMNwQ62,0.664,0.705,1.0,-4.972,0.0382,0.0654,0.0,0.115,0.477,122.017,257840.0,OneRepublic - Counting Stars (Official Music Video),OneRepublicVEVO,3721610307.0,16558621.0,475191.0,True,True,1805319715.0,Native (Standard),1/1/2013,USUM71301306,892,51.1,"2,466,006,842","343,135","114,346,295",81.0,"304,524,339","2,956,756","382,991","125,290,160","1,245,061,983","149,045,425",198.0,"237,316",170,138.0,"1,401,001",40.0,"1,394,055,006","1,085,579",,"118,910",,0,596,counting stars,dance pop,2014,122,71,66,-5,12,48,258,7,4,74
13040,OneRepublic,counting stars,Native,album,spotify:track:6sy3LkhNFjJWlaeSMNwQ62,0.664,0.705,1.0,-4.972,0.0382,0.0654,0.0,0.115,0.477,122.017,257840.0,OneRepublic - Counting Stars (Official Music Video),OneRepublicVEVO,3721610307.0,16558621.0,475191.0,True,True,1805319715.0,Until the morning 2,8/4/2014,FR0Z50017635,"1,081",46.0,,,,,"4,069,201,723","18,144,051",,,,"399,937,303",,,,1.0,180,,,,,,,0,596,counting stars,dance pop,2014,122,71,66,-5,12,48,258,7,4,74
13099,Chris Stapleton,tennessee whiskey,Traveller,album,spotify:track:3fqwjXwUGN6vbzIwvyFMhx,0.392,0.37,9.0,-10.888,0.0298,0.205,0.0096,0.0821,0.512,48.718,293293.0,Chris Stapleton - Tennessee Whiskey (Official Audio),ChrisStapletonVEVO,671203125.0,3204752.0,92614.0,True,True,637878175.0,Tennessee Whiskey,4/28/2015,USUM71418088,661,59.1,"954,073,526","162,233","36,021,163",77.0,"1,153,379,467","6,645,883","148,665","21,371,017","243,324,273","147,427,683",117.0,"14,374",100,24.0,"15,644",34.0,"1,274,748,936","1,291,820",,"5,069,348",,0,633,tennessee whiskey,contemporary country,2015,49,37,39,-11,8,51,293,21,3,78
13461,Sam Smith,stay with me,In The Lonely Hour,album,spotify:track:5Nm9ERjJZ5oyfXZTECKmRt,0.418,0.42,0.0,-6.444,0.0414,0.588,6.39e-05,0.11,0.184,84.094,172724.0,Sam Smith - Stay With Me (Official Music Video),SamSmithVEVO,1163047373.0,5390380.0,127141.0,True,True,1682210631.0,Full Circle: The Live Anthology,11/20/2011,GBUM71308833,"2,152",31.0,"2,086,460,781","167,759","96,423,336",77.0,"212,889,507","1,603,354","83,399","40,678,590","264,665,397","2,879,491",259.0,"17,500","1,073",271.0,"1,178,331",92.0,"1,143,671,622","717,529",,"12,655,149",,0,592,stay with me,pop,2014,84,42,42,-6,11,18,173,59,4,84
13470,Adele,set fire to the rain,21,album,spotify:track:73CMRj62VK8nUS4ezD2wvi,0.603,0.67,2.0,-3.882,0.0249,0.00408,1.68e-06,0.112,0.446,107.993,242974.0,Adele - Set Fire To The Rain Official Video,Yiye Alor,3072498.0,31514.0,1268.0,False,False,925812543.0,More Music 2011,1/1/2011,GBBKS1000348,"1,518",37.7,"1,595,514,674","186,319","52,679,491",77.0,"959,699,985","5,310,150","905,837","343,302,209","3,469,644,756","213,561,924",110.0,"223,542",190,50.0,"528,108",44.0,"1,036,810,838","541,659",,"16,180,523",,0,435,set fire to the rain,british soul,2011,108,68,61,-4,13,47,242,0,3,75
13472,Adele,someone like you,21,album,spotify:track:1zwMYTA5nlNjZxYrvBB2pV,0.556,0.319,9.0,-8.251,0.0281,0.893,0.0,0.0996,0.294,135.187,285240.0,Adele - Someone Like You (Official Music Video),AdeleVEVO,1958083020.0,9737198.0,352687.0,True,True,1468111036.0,21' Sampler,1/18/2011,GBBKS1000351,"1,345",40.5,"1,925,879,064","211,527","80,288,449",75.0,"759,564,393","4,034,527","102,404","46,563,916","401,049,702","188,798,506",249.0,"56,055",118,121.0,"819,281",90.0,"1,114,782,026","1,198,407",,"14,474,611",,0,434,someone like you,british soul,2011,135,33,56,-8,10,28,285,89,3,79
13472,Adele,someone like you,21,album,spotify:track:1zwMYTA5nlNjZxYrvBB2pV,0.556,0.319,9.0,-8.251,0.0281,0.893,0.0,0.0996,0.294,135.187,285240.0,Adele - Someone Like You (Official Music Video),AdeleVEVO,1958083020.0,9737198.0,352687.0,True,True,1468111036.0,538 Hitzone 58,7/7/2011,NLD141100065,"4,080",21.1,,39,"10,847",,"2,403,713,406","11,349,859",,,,"1,836,056,376",,,,,,,,,,,,0,434,someone like you,british soul,2011,135,33,56,-8,10,28,285,89,3,79
13475,Adele,when we were young,25,album,spotify:track:7GgWAITsYJaRM3r50rfh5w,0.376,0.595,3.0,-5.936,0.0496,0.303,0.0,0.095,0.265,144.361,290900.0,Adele - When We Were Young (Live at The Church Studios),AdeleVEVO,652035959.0,3380740.0,92823.0,True,True,1019157251.0,25,11/20/2015,GBBKS1500217,"2,305",29.8,"1,284,096,603","117,365","41,710,598",71.0,"1,021,758,621","6,306,795","51,713","51,633,844","348,333,229","12,378,383",133.0,"6,508",7,36.0,"1,394,780",22.0,"281,756,710","77,682",,"5,077,728",,0,654,when we were young,british soul,2016,144,59,38,-6,9,27,291,35,5,73
13490,Lady Gaga,shallow,A Star Is Born Soundtrack,album,spotify:track:2VxeLyX666F8uXCJ0dZF8B,0.572,0.385,7.0,-6.362,0.0308,0.371,0.0,0.231,0.323,95.799,215733.0,"Lady Gaga, Bradley Cooper - Shallow (from A Star Is Born) (Official Music Video)",LadyGagaVEVO,1410151988.0,7651912.0,194743.0,True,True,2004338878.0,Shallow,9/27/2018,USUM71813192,204,106.9,"2,447,973,078","221,822","90,174,192",78.0,"2,732,311,956","15,274,815","52,698","11,103,476","168,789,459","2,310,840,501",261.0,"228,874",135,158.0,"1,551,217",95.0,"387,105,091","651,760","1,196,386","153,863",,0,727,shallow,dance pop,2018,96,39,57,-6,23,32,216,37,3,88
13491,Lady Gaga,bad romance,The Fame Monster (Deluxe Edition),album,spotify:track:0SiywuOBRcynK0uKGWdCnn,0.696,0.921,0.0,-3.755,0.0363,0.00314,5.24e-05,0.0842,0.714,119.001,294573.0,Lady Gaga - Bad Romance (Official Music Video),LadyGagaVEVO,1651059028.0,8283806.0,880618.0,True,True,879720666.0,The Fame Monster (France FNAC Version),1/1/2009,USUM70918596,"1,624",36.4,"1,229,109,018","166,904","87,537,106",77.0,"2,049,116,263","11,229,749","232,899","87,766,017","687,368,332","1,772,021,815",153.0,"192,196",290,47.0,"370,999",43.0,"343,732,278","842,912",,"6,810,104",,1,375,bad romance,dance pop,2009,119,92,70,-4,8,71,295,0,4,79
13492,Lady Gaga,always remember us this way,A Star Is Born Soundtrack (Without Dialogue),album,spotify:track:2rbDhOo9Fh61Bbu23T2qCk,0.553,0.502,0.0,-5.972,0.0409,0.299,0.0,0.764,0.296,129.976,210200.0,Lady Gaga - Always Remember Us This Way (from A Star Is Born) (Official Music Video),LadyGagaVEVO,428487364.0,2429751.0,48668.0,True,True,903516947.0,A Star Is Born Soundtrack,10/5/2018,USUM71813195,901,50.9,"1,269,760,706","137,601","32,384,233",76.0,"824,308,720","4,676,578","1,213,771","33,512,447","573,562,180","1,951,219,741",88.0,"66,461",4,55.0,"606,748",27.0,"322,220,265","104,680","612,635","9,755,956",,0,760,always remember us this way,dance pop,2018,130,50,55,-6,76,30,210,30,4,81
13494,Lady Gaga,poker face,The Fame,album,spotify:track:5R8dQOPq8haW94K7mgERlO,0.851,0.806,4.0,-4.62,0.0787,0.118,1.64e-06,0.121,0.787,118.999,237200.0,Lady Gaga - Poker Face (Official Music Video),LadyGagaVEVO,1095354937.0,6103722.0,276401.0,True,True,852750053.0,The Fame,1/1/2008,USUM70824409,"3,302",23.9,"1,285,242,562","216,338","88,471,248",77.0,"256,379,013","2,156,909","265,724","129,356,785","1,231,170,484",316,172.0,"287,903",268,98.0,"1,410,983",65.0,"283,521,080","769,916",,"8,551,662",,0,370,poker face,dance pop,2008,119,81,85,-5,12,78,237,12,8,69
13549,Tame Impala,the less i know the better,Currents,album,spotify:track:6K4t31amVTZDgR3sKmwUJJ,0.64,0.74,4.0,-4.083,0.0284,0.0115,0.00678,0.167,0.785,116.879,216320.0,Tame Impala - The Less I Know the Better (Official Audio),tameimpalaVEVO,124534946.0,1242671.0,17041.0,True,True,1192234379.0,Currents,7/17/2015,AUUM71500303,"1,644",36.1,"1,644,031,037","368,350","80,916,788",79.0,"339,312,309","3,947,876","247,174","105,078,099","947,781,800","16,921,302",244.0,"21,428",98,99.0,"587,158",33.0,"62,241,268","53,854",,"7,313,343",,1,618,the less i know the better,australian psych,2015,117,74,64,-4,17,79,216,1,3,85
13560,Avicii,wake me up,True,album,spotify:track:0nrRP2bk19rLc0orkWPQk2,0.532,0.783,2.0,-5.697,0.0523,0.0038,0.0012,0.161,0.643,124.08,247427.0,Avicii - Wake Me Up (Official Video),AviciiOfficialVEVO,2221205597.0,11499037.0,620143.0,True,True,1790784163.0,TRUE,1/1/2013,SEUM71301326,436,73.7,"2,325,017,580","347,004","112,575,684",81.0,"3,214,634,614","17,924,466","349,966","33,433,988","360,378,218","351,953,763",302.0,"358,498",230,213.0,"1,715,157",87.0,"311,299,334","837,891",,"28,653,448",,0,523,wake me up,big room,2013,124,78,53,-6,16,64,247,0,5,85
13564,Avicii,hey brother,True,album,spotify:track:4lhqb6JvbHId48OUJGwymk,0.545,0.78,7.0,-4.867,0.0436,0.0309,4.64e-05,0.0828,0.458,125.014,255093.0,Avicii - Hey Brother,AviciiOfficialVEVO,283392348.0,2710143.0,105982.0,True,True,821756193.0,TRUE,1/1/2013,CH3131340084,"2,663",27.3,"1,007,623,089","168,666","43,769,189",72.0,"936,816,983","7,135,806","82,215","16,452,743","160,676,196","188,246,082",57.0,"81,281",28,51.0,"151,326",13.0,"183,199,524","305,146",,"10,854,307",,0,527,hey brother,big room,2013,125,78,55,-5,8,46,255,3,4,78
13702,The Script,breakeven,The Script,album,spotify:track:285hMzLhJwHVLe9QT9qilk,0.63,0.696,10.0,-4.501,0.0242,0.144,0.0,0.0835,0.491,94.034,261427.0,The Script - Breakeven (Official Video),TheScriptVEVO,186773140.0,933268.0,31114.0,True,True,667156807.0,Breakeven (Official 4K Video),4/25/2024,GB1102400418,287,91.1,"858,979,483",1,14,,,,,,,,,,,,,,,,,,,0,243,breakeven,celtic rock,2008,94,70,63,-5,8,53,261,17,2,74
14030,Imagine Dragons,believer,Evolve,album,spotify:track:0pqnGHJpmpxLKifKRmU6WP,0.776,0.78,10.0,-4.374,0.128,0.0622,0.0,0.081,0.666,124.949,204347.0,Imagine Dragons - Believer (Official Music Video),ImagineDragonsVEVO,2369714846.0,20483444.0,613230.0,True,True,2369272335.0,Believer,1/31/2017,USUM71700626,119,142.2,"3,006,226,762","335,880","89,243,475",81.0,"4,495,059,988","42,240,881","5,745,117","453,132,709","5,876,458,723","276,194,776",226.0,"253,782",388,118.0,"1,138,425",71.0,"614,578,695","844,301","2,943,611","21,306,706",,0,689,believer,modern rock,2017,125,78,78,-4,8,67,204,6,13,88
14031,Imagine Dragons,thunder,Evolve,album,spotify:track:1zB4vmk8tFRmM9UULNzbLB,0.605,0.822,0.0,-4.833,0.0438,0.00671,0.134,0.147,0.288,167.997,187147.0,Imagine Dragons - Thunder,ImagineDragonsVEVO,1936849342.0,11935830.0,363701.0,True,True,1900080651.0,Thunder,4/27/2017,USUM71704167,203,106.9,"2,384,768,901","244,951","88,329,475",79.0,"2,707,166,590","16,780,231","1,839,173","79,131,934","906,537,912","222,980,374",225.0,"273,249",509,226.0,"1,148,532",43.0,"688,060,560","1,104,391",,"13,844,050",,0,707,thunder,modern rock,2017,168,82,61,-5,15,29,187,1,4,86
14033,Imagine Dragons,demons,Night Visions,album,spotify:track:3LlAyCYU26dvFZBDUIMb7a,0.505,0.71,3.0,-3.015,0.0321,0.19,0.00025,0.329,0.428,89.938,175200.0,Imagine Dragons - Demons (Official Music Video),ImagineDragonsVEVO,1044202331.0,7650933.0,231300.0,True,True,1643098973.0,Continued Silence - EP,1/1/2012,USUM71201071,847,52.8,"2,270,796,677","263,640","71,470,111",80.0,"1,738,647,396","12,375,429","261,866","25,465,591","296,361,891","273,191,644",70.0,"144,439",465,88.0,"2,680,196",29.0,"1,087,793,804","553,855","26,345,651","18,161,724",,0,485,demons,modern rock,2012,90,71,51,-3,33,43,175,19,3,73
14034,Imagine Dragons,natural,Origins (Deluxe),album,spotify:track:2FY7b99s15jUprqC0M5NCT,0.704,0.611,2.0,-6.112,0.0409,0.217,0.0,0.0812,0.22,100.0,189467.0,Imagine Dragons - Natural,ImagineDragonsVEVO,537581730.0,5067694.0,143099.0,True,True,972016370.0,Natural,7/17/2018,USUM71806694,674,58.8,"1,228,556,153","154,255","36,941,962",75.0,"1,220,581,919","10,953,316","1,207,638","29,172,920","396,994,100","186,180,888",72.0,"157,544",175,45.0,"494,642",67.0,"269,729,654","148,539","1,145,378","10,463,981",,0,740,natural,modern rock,2018,100,61,70,-6,8,22,189,22,4,84
14035,Imagine Dragons,whatever it takes,Evolve,album,spotify:track:6Qn5zhYkTa37e91HC1D7lb,0.672,0.655,10.0,-5.021,0.0311,0.0362,0.0,0.117,0.556,134.945,201240.0,Imagine Dragons - Whatever It Takes (Official Music Video),ImagineDragonsVEVO,857708036.0,5305762.0,113078.0,True,True,968589615.0,Whatever It Takes,5/9/2017,USUM71703515,944,49.5,"1,257,258,072","156,442","33,271,283",76.0,"1,192,880,501","7,815,307","202,700","27,054,065","340,416,328","158,079,968",86.0,"148,594",260,37.0,"367,136",9.0,"359,252,086","209,287",,"12,160,416",,0,697,whatever it takes,modern rock,2017,135,66,67,-5,12,56,201,4,3,82
14036,Imagine Dragons,bad liar,Origins (Deluxe),album,spotify:track:2RSHsoi04658QL5xgQVov3,0.383,0.637,3.0,-6.993,0.0703,0.0722,0.0,0.368,0.0827,177.913,260773.0,Imagine Dragons - Bad Liar (Official Music Video),ImagineDragonsVEVO,418271237.0,4308174.0,91826.0,True,True,831122837.0,Bad Liar,11/6/2018,USUM71816161,938,49.8,"1,056,929,910","134,812","31,112,950",74.0,"908,433,462","8,291,217","1,429,594","181,729,752","2,058,078,137","1,802,807,851",54.0,"118,378",37,31.0,"384,519",12.0,"130,853,305","106,853",,"11,123,506",,0,744,bad liar,modern rock,2018,178,64,38,-7,37,8,261,7,7,83
14037,Imagine Dragons,radioactive,Night Visions,album,spotify:track:4G8gkOterJn0Ywt6uhqbhp,0.448,0.784,9.0,-3.686,0.0627,0.106,0.000108,0.668,0.236,136.245,186813.0,Imagine Dragons - Radioactive,ImagineDragonsVEVO,1426556409.0,9256200.0,340807.0,True,True,1470259042.0,Hear Me EP,1/1/2012,USUM71201074,654,59.3,"1,836,362,703","236,427","68,978,853",75.0,"1,838,544,809","12,824,587","340,696","56,611,247","640,674,307","216,497,133",111.0,"166,884",650,118.0,"869,248",47.0,"1,108,092,615","2,068,154",,"16,364",,0,483,radioactive,modern rock,2012,136,78,45,-4,67,24,187,11,6,73
14039,Bruno Mars,when i was your man,Unorthodox Jukebox,album,spotify:track:0nJW01T7XtvILxQgC5J7Wh,0.612,0.28,0.0,-8.648,0.0434,0.932,0.0,0.088,0.387,72.795,213827.0,Bruno Mars - When I Was Your Man (Official Music Video),Bruno Mars,1237507463.0,6771190.0,193121.0,True,True,1439566947.0,Unorthodox Jukebox,12/7/2012,USAT21206701,"4,187",20.7,"2,106,040,891","231,184","111,114,931",81.0,"275,768,987","2,172,034","237,576","72,740,220","624,816,222","27,825,601",104.0,"152,868",228,184.0,"1,054,128",39.0,,,,,,0,506,when i was your man,dance pop,2012,73,28,61,-9,9,39,214,93,4,82
14043,Bruno Mars,just the way you are,Doo-Wops & Hooligans,album,spotify:track:7BqBn9nzAq8spo5e7cZ0dJ,0.635,0.841,5.0,-5.379,0.0422,0.0134,0.0,0.0622,0.424,109.021,220734.0,Bruno Mars - Just The Way You Are (Official Music Video),Bruno Mars,1792439997.0,7658128.0,242767.0,True,True,1464356586.0,Just The Way You Are,7/20/2010,USAT21001269,"1,477",38.1,"2,099,862,852","233,719","148,404,419",79.0,"2,218,318,671","10,649,958","372,986","48,743,057","411,934,018","1,777,493,774",174.0,"331,536",429,123.0,"1,032,117",65.0,,,,"9,609,553",,0,423,just the way you are,dance pop,2010,109,84,64,-5,9,43,221,2,4,80
14046,Bruno Mars,24k magic,24K Magic,album,spotify:track:6b8Be6ljOzmkOmFslEb23P,0.818,0.803,1.0,-4.282,0.0797,0.034,0.0,0.153,0.632,106.97,225983.0,Bruno Mars - 24K Magic (Official Music Video),Bruno Mars,1560261356.0,7995643.0,241742.0,True,True,1188857393.0,24K Magic,10/7/2016,USAT21602944,"1,340",40.6,"1,425,996,809","175,419","63,087,960",77.0,"181,151,693","1,671,253","3,667,431","115,712,320","968,641,395","1,465,245",238.0,"240,328",368,153.0,"1,257,927",46.0,"301,404,498","407,873",,,,0,670,24k magic,dance pop,2016,107,80,82,-4,15,63,226,3,8,78
14046,Bruno Mars,24k magic,24K Magic,album,spotify:track:6b8Be6ljOzmkOmFslEb23P,0.818,0.803,1.0,-4.282,0.0797,0.034,0.0,0.153,0.632,106.97,225983.0,Bruno Mars - 24K Magic (Official Music Video),Bruno Mars,1560261356.0,7995643.0,241742.0,True,True,1188857393.0,"NOW That's What I Call Music, Vol. 61",1/27/2017,USAT21603246,"1,882",33.5,"1,425,996,809",995,"505,357",32.0,"1,917,522,970","10,237,469",,,,"1,676,191,851",2.0,,,,,,,,,,,0,670,24k magic,dance pop,2016,107,80,82,-4,15,63,226,3,8,78
14047,Bruno Mars,grenade,Doo-Wops & Hooligans,album,spotify:track:2tJulUYLDKOg9XrtVkMgcJ,0.704,0.558,2.0,-7.273,0.0542,0.148,0.0,0.107,0.245,110.444,222091.0,Bruno Mars - Grenade (Official Music Video),Bruno Mars,1120763133.0,5445873.0,299757.0,True,True,935028274.0,Massive R&B Spring 2011,1/1/2010,USAT21001883,"3,180",24.4,"1,313,545,266","193,103","65,382,148",73.0,"1,310,515,665","6,898,904","40,595","21,561,355","147,790,820","1,599,316,290",60.0,"226,445",257,44.0,"237,782",45.0,,,,"7,702,096",,0,429,grenade,dance pop,2010,110,56,71,-7,12,23,223,15,6,75
14072,Justin Bieber,love yourself,Purpose (Deluxe),album,spotify:track:50kpGaPAhYJ3sGmk6vplg0,0.609,0.378,4.0,-9.828,0.438,0.835,0.0,0.28,0.515,100.418,233720.0,Justin Bieber - Love Yourself (Official Video),Justin Bieber Crew,273175.0,5121.0,153.0,False,False,1975866785.0,Love Yourself,11/9/2015,USUM71516761,530,66.8,"2,423,583,406","221,550","85,152,861",78.0,"2,154,325,842","11,828,484","412,296","54,794,151","546,197,873","1,521,238,263",287.0,"216,976",210,114.0,"644,719",68.0,"579,271,026","399,649",,"16,182,850",,0,645,love yourself,canadian pop,2015,100,38,61,-10,28,52,234,84,44,83
14089,Twenty One Pilots,stressed out,Blurryface,album,spotify:track:3CRDbSIZ4r5MsZ0YwxuEkn,0.734,0.637,4.0,-5.677,0.141,0.0462,2.29e-05,0.0602,0.648,169.977,202333.0,twenty one pilots: Stressed Out [OFFICIAL VIDEO],Fueled By Ramen,2621773189.0,18065718.0,624297.0,True,True,1833638048.0,Stressed Out,4/28/2015,USAT21500597,482,70.1,"2,313,532,702","333,612","85,684,817",79.0,"3,241,796,669","22,573,742","440,911","82,148,305","664,725,202","508,271,083",10.0,"257,332",288,93.0,"590,706",50.0,,,,,,0,620,stressed out,modern rock,2015,170,64,73,-6,6,65,202,5,14,83
14091,Twenty One Pilots,heathens,Heathens,single,spotify:track:6i0V12jOa3mr6uu4WYhUBr,0.732,0.396,4.0,-9.348,0.0286,0.0841,3.58e-05,0.105,0.548,90.024,195920.0,twenty one pilots: Heathens (from Suicide Squad: The Album) [OFFICIAL VIDEO],Fueled By Ramen,1987866504.0,15003359.0,472969.0,True,True,1475767872.0,Heathens,6/16/2016,USAT21601930,296,88.6,"1,777,196,966","241,108","65,091,468",78.0,"2,624,180,055","21,763,865","4,715,288","113,594,559","1,024,805,500","479,301,512",125.0,"153,475",322,108.0,"534,238",31.0,"513,952,113","630,803",,"14,696,531",,0,676,heathens,modern rock,2016,90,40,73,-9,11,55,196,8,3,81
14570,One Direction,story of my life,Midnight Memories (Deluxe),album,spotify:track:4nVBt6MZDDP6tRVdQTgxJg,0.6,0.663,3.0,-5.802,0.0477,0.225,0.0,0.119,0.286,121.07,245493.0,One Direction - Story of My Life,OneDirectionVEVO,976289967.0,7976348.0,734143.0,True,True,940793629.0,Story of My Life,10/28/2013,GBHMU1300210,"3,607",22.6,"1,275,036,167","143,693","85,520,811",79.0,"264,658,339","3,696,633","330,028","105,141,667","862,277,477","62,831",101.0,"86,998",111,44.0,"322,268",24.0,"303,993,932","275,062",,"9,015,652",,0,549,story of my life,boy band,2013,121,66,60,-6,12,29,245,23,5,80
14879,James Bay,let it go,Chaos And The Calm,album,spotify:track:13HVjjWUZFaWilh2QUJKsP,0.546,0.311,1.0,-10.396,0.0288,0.818,1.65e-05,0.107,0.246,147.464,260533.0,James Bay - Let It Go (Official Video),JamesBayVEVO,2112761.0,44813.0,1709.0,True,True,1032592788.0,Let It Go,1/1/2014,USUM71405265,"2,338",29.5,"1,197,774,081","128,593","56,315,096",65.0,"580,076,338","3,685,849","91,701","14,356,531","112,554,627","115,081,691",220.0,"43,670",107,71.0,"277,681",18.0,"472,029,142","235,172","37,231,576","9,218,458",,0,604,let it go,neo mellow,2014,147,31,55,-10,11,25,261,82,3,74
14948,Foster The People,pumped up kicks,Torches,album,spotify:track:7w87IxuO7BDcJ3YUqCyMTT,0.733,0.71,5.0,-5.849,0.0292,0.145,0.115,0.0956,0.965,127.975,239600.0,Foster The People - Pumped Up Kicks (Official Video),fosterthepeopleVEVO,921285433.0,8408195.0,492919.0,True,True,1393746825.0,Pumped up Kicks,1/1/2010,USSM11002931,"1,113",45.1,"1,791,778,314","344,490","131,726,745",81.0,"599,930,123","5,713,061","786,192","342,804,034","2,757,623,631","19,949,320",195.0,"121,067",167,148.0,"1,029,351",46.0,"777,542,552","1,767,555",,"16,415,660",,0,462,pumped up kicks,indie pop,2011,128,71,73,-6,10,97,240,14,3,84
15509,Bastille,pompeii,Bad Blood,album,spotify:track:3gbBpTdY8lnQwqxNCcf795,0.679,0.715,9.0,-6.383,0.0407,0.0755,0.0,0.271,0.571,127.435,214148.0,Bastille - Pompeii (Official Music Video),BastilleVEVO,711949767.0,5178283.0,217631.0,True,True,1229480697.0,Bad Blood (The Extended Cut),1/1/2013,GBAAA1200795,"1,434",38.9,"1,590,278,292","259,895","65,869,505",71.0,"892,426,661","6,706,344","228,568","72,385,788","587,669,621","202,778,447",153.0,"146,538",299,111.0,"467,038",77.0,"536,880,285","538,789",,"14,002,280",,0,538,pompeii,metropopolis,2013,127,72,68,-6,27,57,214,8,4,70
15658,Lukas Graham,7 years,Lukas Graham,album,spotify:track:5kqIPrATaCc2LqxVWzQGbk,0.765,0.473,10.0,-5.829,0.0514,0.287,0.0,0.391,0.34,119.992,237300.0,Lukas Graham - 7 Years [Official Music Video],Lukas Graham,1357044606.0,9575882.0,318116.0,True,True,1512274920.0,Lukas Graham (Blue Album),6/16/2015,USWB11506516,475,70.5,"1,916,203,330","218,955","70,223,741",78.0,"2,155,590,787","17,104,498","1,080,789","102,852,730","877,998,186","1,859,362,069",176.0,"119,470",79,62.0,"247,841",29.0,"608,909,370","838,417","43,283,341",,,0,679,7 years,danish pop,2016,120,47,77,-6,39,34,237,29,5,80
15868,WALK THE MOON,shut up and dance,TALKING IS HARD,album,spotify:track:4kbj5MwxO1bq9wjT5g9HaA,0.578,0.866,1.0,-3.804,0.0619,0.00701,0.0,0.257,0.619,128.038,199080.0,WALK THE MOON - Shut Up and Dance (Official Video),WalkTheMoonVEVO,408341372.0,2255537.0,68133.0,True,True,1283596592.0,Full Circle: The Live Anthology,11/20/2011,USRC11401949,"1,530",37.6,"1,690,450,389","225,204","121,786,733",81.0,"679,433,670","4,181,978","564,763","31,046,688","201,004,524","213,087,375",270.0,"332,763",806,113.0,"505,069",66.0,"537,982,216","824,867",,"11,303,352",,0,601,shut up and dance,indie pop,2014,128,87,58,-4,26,62,199,1,6,82
15898,Of Monsters and Men,little talks,My Head Is An Animal,album,spotify:track:2ihCaVdNZmnHZWt0fvAM7B,0.457,0.757,1.0,-5.177,0.032,0.0206,0.0,0.146,0.417,102.961,266600.0,Of Monsters And Men - Little Talks (Official Video),OfMonstersAndMenVEVO,342158934.0,2190341.0,86344.0,True,True,828553788.0,Little Talks,1/1/2011,USUM71119106,"3,217",24.3,"1,050,676,021","222,725","53,015,020",75.0,"95,461,283","924,094","78,289","26,746,381","162,004,699","16,316",96.0,"117,045",,68.0,"465,267",43.0,"547,325,755","384,670","3,516,318","15,749,222",,0,519,little talks,folk-pop,2012,103,76,45,-5,15,42,267,2,3,75
16078,Tom Odell,another love,Long Way Down (Deluxe),album,spotify:track:3JvKfv6T31zO0ini8iNItO,0.445,0.537,4.0,-8.532,0.04,0.695,1.65e-05,0.0944,0.131,122.769,244360.0,Tom Odell - Another Love (Official Video),TomOdellVEVO,631458357.0,6008340.0,112609.0,True,True,1425072547.0,Songs from Another Love,1/1/2012,GBARL1300107,"1,842",33.9,"2,444,335,468","380,675","168,483,196",83.0,"996,981,745","9,104,648","452,786","77,257,465","714,451,407","858,018,753",137.0,"36,017",8,195.0,"16,139,369",30.0,,,,,,1,526,another love,modern rock,2013,123,54,45,-9,9,13,244,70,4,58
16098,The Chainsmokers,something just like this,Memories...Do Not Open,album,spotify:track:6RUKPb4LETWmmr3iAEQktW,0.617,0.635,11.0,-6.769,0.0317,0.0498,1.44e-05,0.164,0.446,103.019,247160.0,The Chainsmokers & Coldplay - Something Just Like This (Lyric),ChainsmokersVEVO,2118024518.0,10282557.0,270446.0,True,True,2030825694.0,Something Just Like This,2/22/2017,USQX91700278,273,94.0,"2,596,644,721","278,237","128,709,855",82.0,"2,822,804,239","15,242,846","350,848","80,813,727","631,258,708","277,516,825",315.0,"409,911",,420.0,"1,634,441",108.0,"588,568,899","197,928",,"16,040,973",,0,706,something just like this,electropop,2017,103,64,62,-7,16,45,247,5,3,84
16118,5 Seconds of Summer,youngblood,Youngblood (Deluxe),album,spotify:track:2iUXsYOEPhVqEBwsqP70rE,0.596,0.854,7.0,-5.114,0.463,0.0169,0.0,0.124,0.152,120.274,203418.0,5 Seconds of Summer - Youngblood (Official Video),5SOSVEVO,207608224.0,2617012.0,64887.0,True,True,1492403486.0,Youngblood,4/12/2018,GBUM71800366,811,53.9,"1,790,579,305","180,069","75,602,805",76.0,"792,369,989","7,627,895","226,361","15,100,678","81,167,209","225,749,952",148.0,"298,540",164,33.0,"444,155",64.0,"394,705,510","159,091",,"10,854,729",,0,764,youngblood,boy band,2018,120,85,60,-5,12,15,203,2,46,84
16188,Lorde,royals,Pure Heroine,album,spotify:track:2dLLR6qlu5UJ5gk0dKz0h3,0.674,0.428,7.0,-9.504,0.122,0.121,0.0,0.132,0.337,84.878,190185.0,Lorde - Royals (US Version),LordeVEVO,917003732.0,4557902.0,221462.0,True,True,993183944.0,The Love Club EP,1/1/2012,NZUM71200031,"1,386",39.8,"1,232,502,989","163,195","59,733,007",73.0,"349,747,981","2,670,057","66,399","21,267,910","198,680,803","1,928,028",195.0,"202,396",356,128.0,"549,211",74.0,"969,328,430","1,394,097","1,047,111","16,239,587",,0,550,royals,art pop,2013,85,43,67,-10,13,34,190,12,12,79
16538,Lauren Daigle,you say,Look Up Child,album,spotify:track:6Up545NUflOiXo8cEraH49,0.494,0.632,5.0,-6.89,0.0342,0.682,0.0,0.0869,0.0797,147.873,274693.0,Lauren Daigle - You Say (Official Music Video),Lauren Daigle,282501436.0,2448260.0,84646.0,True,True,437017343.0,You Say,7/13/2018,US8391800158,"2,033",32.0,"542,480,898","81,834","23,568,889",68.0,"435,065,136","3,809,205","236,600","53,371,812","401,544,074","45,869,358",96.0,"125,323",66,28.0,"129,538",46.0,"239,193,666","181,681",,"10,103,507",,0,750,you say,ccm,2018,148,63,49,-7,9,8,275,68,3,80
16558,Rag'n'Bone Man,human,Human (Deluxe),album,spotify:track:58zsLZPvfflaiIbNWoA22O,0.602,0.707,9.0,-4.097,0.302,0.393,0.0,0.165,0.554,75.087,200187.0,Rag'n'Bone Man - Human (Official Video),RagnBoneManVEVO,1607049062.0,10625492.0,220004.0,True,True,773849349.0,Human,7/21/2016,GBARL1600665,824,53.4,"1,013,083,048","170,367","49,113,191",74.0,"1,900,272,147","12,302,869","265,475","90,999,656","1,070,508,080","186,882,524",197.0,"145,288",138,92.0,"885,612",43.0,"163,719,567","94,640",,"19,092,054",,0,690,human,neo soul,2017,75,71,60,-4,17,55,200,39,30,78
16668,Alan Walker,faded,Different World,album,spotify:track:698ItKASDavgwZ3WjaWjtz,0.468,0.627,6.0,-5.085,0.0476,0.0281,7.97e-06,0.11,0.159,179.642,212107.0,Alan Walker - Faded,Alan Walker,3400741854.0,26446178.0,1250054.0,True,True,1683178074.0,Faded,12/4/2015,NOG841549010,653,59.4,"1,943,842,010","221,874","62,851,374",75.0,"439,888,055","5,232,880","11,253,946","269,640,001","4,682,512,450","23,770,197",103.0,"107,625",4,107.0,"1,092,635",49.0,"122,793,202","262,131","11,403,504","26,821,494",,0,756,faded,electro house,2018,180,63,47,-5,11,16,212,3,5,80
16708,Hozier,take me to church,Hozier (Expanded Edition),album,spotify:track:1CS7Sd1u5tWkstBhpssyjP,0.566,0.664,4.0,-5.303,0.0464,0.634,0.0,0.116,0.437,128.945,241693.0,Hozier - Take Me To Church,HozierVEVO,703903289.0,7060152.0,236392.0,True,True,,Take Me To Church,9/16/2013,IEACJ1300031,"1,293",41.4,"2,544,489,950","238,611","69,693,570",78.0,"1,690,342,490","16,798,785","107,362","35,030,283","261,203,495","319,369,976",172.0,282,148,116.0,"2,848,734",24.0,,,"277,623","29,306,436",,0,567,take me to church,irish singer-songwriter,2014,129,66,57,-5,12,44,242,63,5,77
16708,Hozier,take me to church,Hozier (Expanded Edition),album,spotify:track:1CS7Sd1u5tWkstBhpssyjP,0.566,0.664,4.0,-5.303,0.0464,0.634,0.0,0.116,0.437,128.945,241693.0,Hozier - Take Me To Church,HozierVEVO,703903289.0,7060152.0,236392.0,True,True,,Take Me to Church EP,9/13/2013,USSM11307291,"2,276",30.0,"2,544,489,950","113,315","30,950,638",74.0,"184,351,951","1,963,267","7,069","172,614,084","1,691,376,898","3,808,342",142.0,"2,168",,18.0,"17,163",30.0,"602,652,861","1,112,724",,,,0,567,take me to church,irish singer-songwriter,2014,129,66,57,-5,12,44,242,63,5,77
16809,George Ezra,budapest,Wanted on Voyage (Expanded Edition),album,spotify:track:2ixsaeFioXJmMgkkbd4uj1,0.717,0.455,5.0,-8.303,0.0276,0.0846,0.0,0.11,0.389,127.812,200733.0,George Ezra - Budapest (Official Video),GeorgeEzraVEVO,220995259.0,1237587.0,26450.0,True,True,889360130.0,Did You Hear the Rain?,11/3/2013,GBARL1400477,"3,646",22.5,"1,142,061,871","140,545","43,438,732",79.0,"265,620,751","1,528,733","13,128","5,175,533","42,711,557","16,631,579",183.0,"106,124",208,68.0,"309,720",36.0,"336,791,180","192,462","360,734","12,360,774",,0,630,budapest,folk-pop,2015,128,46,72,-8,11,39,201,8,3,68
16810,George Ezra,shotgun,Staying at Tamara's,album,spotify:track:4ofwffwvvnbSkrMSCKQDaC,0.673,0.735,5.0,-4.733,0.0457,0.286,0.0,0.242,0.754,115.744,201287.0,George Ezra - Shotgun (Official Video),GeorgeEzraVEVO,74625795.0,508563.0,15678.0,True,True,790020794.0,Staying at Tamara's,3/23/2018,GBARL1701372,"1,980",32.4,"930,662,973","130,768","32,965,801",71.0,"473,069,489","2,566,614","217,933","11,966,552","114,370,699","78,973,996",142.0,"141,179",179,55.0,"92,980",36.0,"84,992,691","124,278","1,225,367","7,331,922",,0,748,shotgun,folk-pop,2018,116,74,67,-5,24,75,201,29,5,82
18047,Camila Cabello,havana (feat. young thug),Camila,album,spotify:track:1rfofaqEpACxVEHIZBJe6W,0.765,0.523,2.0,-4.333,0.03,0.184,3.56e-05,0.132,0.394,104.988,217307.0,Camila Cabello - Havana ft. Young Thug,CamilaCabelloVEVO,1052968973.0,10917953.0,473144.0,True,True,1848654151.0,Havana,8/3/2017,USSM11706905,177,112.8,"2,072,182,782","194,332","86,159,672",75.0,"3,952,909,529","32,333,846","1,314,091","53,911,465","546,650,805","2,137,655,536",342.0,"175,317",563,541.0,"1,593,590",95.0,"455,553,499","772,600",,"16,095,913",,0,773,havana (feat. young thug),dance pop,2018,105,52,77,-4,13,39,217,18,3,85
18574,Billie Eilish,bad guy,"WHEN WE ALL FALL ASLEEP, WHERE DO WE GO?",album,spotify:track:2Fxmhks0bxGSBdJ92vM42m,0.701,0.425,7.0,-10.965,0.375,0.328,0.13,0.1,0.562,135.128,194088.0,Billie Eilish - bad guy,BillieEilishVEVO,1224659786.0,17920724.0,827432.0,True,True,2203014126.0,"WHEN WE ALL FALL ASLEEP, WHERE DO WE GO?",3/29/2019,USUM71900764,164,117.7,"2,516,804,300","296,739","113,315,017",76.0,"1,779,243,626","26,239,833","3,774,645","177,247,662","1,409,756,969","2,066,888,119",432.0,"353,076","1,024",258.0,"3,123,258",174.0,"229,833,113","534,958",,"18,994,040",,0,787,bad guy,electropop,2019,135,43,70,-11,10,56,194,33,38,95
18759,Calum Scott,dancing on my own,Only Human (Deluxe),album,spotify:track:2BOqDYLOJBiMOXShCV1neZ,0.681,0.174,1.0,-8.745,0.0315,0.837,3.35e-05,0.0983,0.231,112.672,260285.0,Calum Scott - Dancing On My Own (Official Video),CalumScottVEVO,492967983.0,2932079.0,58943.0,True,True,1003155181.0,Dancing On My Own,3/11/2016,UK6KW1500205,"2,154",31.0,"1,232,373,956","134,807","70,718,949",74.0,"823,692,209","4,889,435","97,136","5,421,535","58,183,913","49,841,169",101.0,"19,205",,41.0,"312,677",17.0,"101,328,706","103,883","23,905,057","5,361,735",,0,799,dancing on my own,australian pop,2019,113,17,68,-9,10,24,260,84,3,28
19131,Harry Styles,sign of the times,Harry Styles,album,spotify:track:5Ohxk2dO5COHF1krpoPigN,0.516,0.595,5.0,-4.63,0.0313,0.0275,0.0,0.109,0.222,119.972,340707.0,Harry Styles - Sign of the Times (Official Video),HarryStylesVEVO,1056844449.0,8076168.0,262642.0,True,True,1193530938.0,Sign of the Times,4/7/2017,USSM11703595,743,56.2,"1,532,653,504","191,817","85,380,382",76.0,"1,799,935,129","15,452,150","241,402","80,177,249","500,970,525","1,650,960,443",147.0,"42,284",38,95.0,"2,122,787",67.0,"68,085,051","78,588","1,343,224","18,327,076",,0,693,sign of the times,dance pop,2017,120,60,52,-5,11,22,341,3,3,80
19186,Lewis Capaldi,someone you loved,Divinely Uninspired To A Hellish Extent,album,spotify:track:7qEHsqek33rTcFNT9PFqLf,0.501,0.405,1.0,-5.679,0.0319,0.751,0.0,0.105,0.446,109.891,182161.0,Lewis Capaldi - Someone You Loved,LewisCapaldiVEVO,586768373.0,7367091.0,147565.0,True,True,2634013335.0,Breach,11/8/2018,DEUM71807062,133,129.7,"3,427,498,835","338,763","160,553,919",82.0,"2,153,701,892","20,891,433","1,940,473","212,007,614","2,161,032,034","2,333,853,734",408.0,"600,211",381,502.0,"4,834,088",110.0,"427,212,257","357,540",,"29,266,297",,0,752,someone you loved,pop,2018,110,41,50,-6,11,45,182,75,3,85
